http://www1.hollins.edu/,11292017,95
http://www.hollins.edu/,11292017,3
http://www1.holl.edu/Docs/CompTech/Network/webmail_faq.htm,11292017,12
http://www1.hollins.edu/Docs/Forms/GetForms.htm,11292017,73
http://www1.ins.edu/Docs/GVCalendar/gvmain.htm,11292017,13
http://www1.holl.edu/docs/events/events.htm,11292017,35
http://www1.hollins.edu/Docs/Academics/acad.htm,11292017,67
http://www1.ins.edu/Docs/Academics/international_programs/index.htm,11292017,98
http://www1.hollins.edu/Docs/academics/online/cyber.htm,11292017,29
http://www1.ins.edu/Registrar/registrar.htm,11292017,95
http://www.ins.edu/about/map/map.htm,11292017,39
http://www1.hollins.edu/docs/admin/admin.htm,11292017,84
http://www1.holl.edu/Docs/CampusLife/CampusLife.htm,11292017,47
http://www1.holl.edu/Docs/Intercultural/default.htm,11292017,84
http://www1.ins.edu/security/Default.htm,11292017,84